{
  "countries": [
    "Pakistan", "India", "United States", "United Kingdom", "Canada", "Australia", "China",
    "Japan", "Germany", "France", "Italy", "Spain", "Brazil", "Russia", "South Africa",
    "Saudi Arabia", "Turkey", "United Arab Emirates", "Indonesia", "Bangladesh", "Sri Lanka",
    "Nepal", "Afghanistan", "Malaysia", "Singapore", "Thailand", "Vietnam", "Philippines",
    "South Korea", "Egypt", "Iran", "Iraq", "Qatar", "Kuwait", "Oman", "New Zealand",
    "Mexico", "Argentina", "Nigeria", "Kenya", "Ethiopia"
  ],
  "citiesByCountry": {
    "Pakistan": ["Karachi", "Lahore", "Islamabad", "Faisalabad", "Multan", "Rawalpindi", "Peshawar", "Quetta", "Sialkot", "Hyderabad"],
    "India": ["Mumbai", "Delhi", "Bangalore", "Chennai", "Hyderabad", "Kolkata", "Pune", "Ahmedabad", "Jaipur", "Surat"],
    "United States": ["New York", "Los Angeles", "Chicago", "Houston", "Phoenix", "Philadelphia", "Dallas", "San Antonio", "San Diego", "San Francisco"],
    "United Kingdom": ["London", "Manchester", "Birmingham", "Leeds", "Liverpool", "Bristol", "Newcastle", "Sheffield", "Nottingham", "Glasgow"],
    "Canada": ["Toronto", "Vancouver", "Montreal", "Calgary", "Ottawa", "Edmonton", "Winnipeg", "Halifax", "Quebec City", "Victoria"],
    "Australia": ["Sydney", "Melbourne", "Brisbane", "Perth", "Adelaide", "Canberra", "Gold Coast", "Hobart", "Darwin", "Newcastle"],
    "China": ["Beijing", "Shanghai", "Guangzhou", "Shenzhen", "Chengdu", "Wuhan", "Xi’an", "Hangzhou", "Tianjin", "Nanjing"],
    "Japan": ["Tokyo", "Osaka", "Kyoto", "Nagoya", "Hiroshima", "Sapporo", "Fukuoka", "Kobe", "Yokohama", "Sendai"],
    "Germany": ["Berlin", "Munich", "Frankfurt", "Hamburg", "Cologne", "Stuttgart", "Düsseldorf", "Leipzig", "Bremen", "Dresden"],
    "France": ["Paris", "Marseille", "Lyon", "Toulouse", "Nice", "Nantes", "Strasbourg", "Montpellier", "Bordeaux", "Lille"],
    "Italy": ["Rome", "Milan", "Naples", "Turin", "Palermo", "Florence", "Venice", "Bologna", "Genoa", "Verona"],
    "Spain": ["Madrid", "Barcelona", "Valencia", "Seville", "Bilbao", "Malaga", "Zaragoza", "Granada", "Alicante", "Murcia"],
    "Brazil": ["São Paulo", "Rio de Janeiro", "Brasília", "Salvador", "Fortaleza", "Belo Horizonte", "Curitiba", "Recife", "Porto Alegre", "Manaus"],
    "Russia": ["Moscow", "Saint Petersburg", "Novosibirsk", "Yekaterinburg", "Kazan", "Nizhny Novgorod", "Samara", "Omsk", "Rostov-on-Don", "Chelyabinsk"],
    "South Africa": ["Johannesburg", "Cape Town", "Durban", "Pretoria", "Port Elizabeth", "Bloemfontein", "East London", "Polokwane", "Nelspruit", "Kimberley"],
    "Saudi Arabia": ["Riyadh", "Jeddah", "Dammam", "Mecca", "Medina", "Khobar", "Abha", "Tabuk", "Taif", "Yanbu"],
    "Turkey": ["Istanbul", "Ankara", "Izmir", "Bursa", "Antalya", "Konya", "Adana", "Gaziantep", "Mersin", "Kayseri"],
    "United Arab Emirates": ["Dubai", "Abu Dhabi", "Sharjah", "Ajman", "Fujairah", "Ras Al Khaimah", "Umm Al Quwain", "Al Ain", "Khor Fakkan"],
    "Indonesia": ["Jakarta", "Surabaya", "Bandung", "Medan", "Semarang", "Makassar", "Palembang", "Tangerang", "Yogyakarta", "Denpasar"],
    "Bangladesh": ["Dhaka", "Chittagong", "Khulna", "Rajshahi", "Sylhet", "Barisal", "Rangpur", "Comilla", "Gazipur", "Narayanganj"],
    "Sri Lanka": ["Colombo", "Kandy", "Galle", "Jaffna", "Negombo", "Anuradhapura", "Trincomalee", "Batticaloa", "Matara", "Ratnapura"],
    "Nepal": ["Kathmandu", "Pokhara", "Lalitpur", "Biratnagar", "Birgunj", "Bharatpur", "Dharan", "Butwal", "Hetauda", "Janakpur"],
    "Afghanistan": ["Kabul", "Kandahar", "Herat", "Mazar-i-Sharif", "Jalalabad", "Kunduz", "Ghazni", "Bamyan", "Lashkar Gah", "Puli Khumri"],
    "Malaysia": ["Kuala Lumpur", "George Town", "Johor Bahru", "Ipoh", "Kota Kinabalu", "Kuching", "Malacca", "Shah Alam", "Seremban", "Alor Setar"],
    "Singapore": ["Singapore"],
    "Thailand": ["Bangkok", "Chiang Mai", "Pattaya", "Phuket", "Nonthaburi", "Hat Yai", "Nakhon Ratchasima", "Udon Thani", "Chiang Rai", "Surat Thani"],
    "Vietnam": ["Hanoi", "Ho Chi Minh City", "Da Nang", "Can Tho", "Hai Phong", "Hue", "Nha Trang", "Bien Hoa", "Vung Tau", "Rach Gia"],
    "Philippines": ["Manila", "Quezon City", "Cebu", "Davao", "Zamboanga", "Iloilo", "Baguio", "Bacolod", "General Santos", "Taguig"],
    "South Korea": ["Seoul", "Busan", "Incheon", "Daegu", "Daejeon", "Gwangju", "Suwon", "Ulsan", "Jeonju", "Changwon"],
    "Egypt": ["Cairo", "Alexandria", "Giza", "Port Said", "Suez", "Luxor", "Aswan", "Tanta", "Ismailia", "Hurghada"],
    "Iran": ["Tehran", "Mashhad", "Isfahan", "Karaj", "Tabriz", "Shiraz", "Qom", "Ahvaz", "Kermanshah", "Urmia"],
    "Iraq": ["Baghdad", "Basra", "Erbil", "Mosul", "Karbala", "Najaf", "Sulaymaniyah", "Kirkuk", "Nasiriyah", "Diwaniyah"],
    "Qatar": ["Doha", "Al Rayyan", "Al Wakrah", "Al Khor", "Dukhan", "Madinat ash Shamal", "Mesaieed", "Lusail"],
    "Kuwait": ["Kuwait City", "Al Ahmadi", "Hawalli", "Salmiya", "Jahra", "Farwaniya", "Mubarak Al-Kabeer"],
    "Oman": ["Muscat", "Salalah", "Sohar", "Nizwa", "Sur", "Ibri", "Barka", "Rustaq", "Khasab", "Ibra"],
    "New Zealand": ["Auckland", "Wellington", "Christchurch", "Hamilton", "Tauranga", "Dunedin", "Palmerston North", "Napier", "Rotorua", "Nelson"],
    "Mexico": ["Mexico City", "Guadalajara", "Monterrey", "Puebla", "Tijuana", "Cancun", "Leon", "Merida", "Toluca", "Chihuahua"],
    "Argentina": ["Buenos Aires", "Cordoba", "Rosario", "Mendoza", "La Plata", "San Miguel de Tucuman", "Mar del Plata", "Salta", "Santa Fe", "San Juan"],
    "Nigeria": ["Lagos", "Abuja", "Kano", "Ibadan", "Port Harcourt", "Benin City", "Kaduna", "Enugu", "Maiduguri", "Jos"],
    "Kenya": ["Nairobi", "Mombasa", "Kisumu", "Nakuru", "Eldoret", "Thika", "Malindi", "Kitale", "Garissa", "Nyeri"],
    "Ethiopia": ["Addis Ababa", "Dire Dawa", "Mekelle", "Gondar", "Adama", "Hawassa", "Bahir Dar", "Jimma", "Dessie", "Harar"]
  }
}
